id,username,email,created_at
1,warmharvest01,warmharvest01@example.com,2025-08-11 22:29:20
2,warmriver24,warmriver24@relay.cloud,2025-02-16 04:28:39
3,urbanisland95,urbanisland95@example.com,2025-01-22 14:59:09
4,prouduplink98,prouduplink98@hackstack.io,2025-05-28 16:58:48
5,mellownetwork34,mellownetwork34@relay.cloud,2024-10-22 11:28:42
6,silveryard38,silveryard38@example.com,2025-01-04 10:16:45
7,navyengine23,navyengine23@hackstack.io,2025-12-17 09:33:09
8,dawntrail95,dawntrail95@acme.dev,2024-11-13 20:20:58
9,proudengine60,proudengine60@seeded.app,2024-10-20 06:19:16
10,harboranchor50,harboranchor50@acme.dev,2025-11-20 05:57:27
11,navyriver13,navyriver13@relay.cloud,2025-07-22 02:43:58
12,brisktrail38,brisktrail38@example.com,2024-10-25 12:02:08
13,ivorybeacon73,ivorybeacon73@hackstack.io,2024-07-02 17:15:36
14,silverquartz84,silverquartz84@opswise.net,2025-01-31 09:16:49
15,warmvalley07,warmvalley07@hackstack.io,2025-08-07 04:39:46
16,silverbeacon68,silverbeacon68@hackstack.io,2025-09-21 08:56:51
17,cobaltjourney81,cobaltjourney81@opswise.net,2024-08-28 01:14:25
18,urbanuplink43,urbanuplink43@opswise.net,2025-01-26 07:34:09
19,tidydelta48,tidydelta48@seeded.app,2025-02-07 00:21:12
20,proudfield98,proudfield98@opswise.net,2025-05-01 22:16:42
21,cobaltriver51,cobaltriver51@example.com,2024-11-06 17:22:22
22,navyquartz98,navyquartz98@opswise.net,2025-04-26 06:28:22
23,goldvalley21,goldvalley21@relay.cloud,2024-12-18 22:05:19
24,briskjourney22,briskjourney22@hackstack.io,2026-01-29 19:19:02
25,embervalley97,embervalley97@seeded.app,2025-08-18 08:32:03
26,silverkernel22,silverkernel22@opswise.net,2024-02-07 19:49:37
27,silverjourney07,silverjourney07@relay.cloud,2024-10-28 15:20:55
28,navyquartz90,navyquartz90@example.com,2024-08-04 01:58:55
29,emberharvest99,emberharvest99@hackstack.io,2026-01-30 18:43:36
30,goldharvest61,goldharvest61@hackstack.io,2025-04-30 06:08:43
31,forestorbit26,forestorbit26@opswise.net,2025-07-29 23:05:19
32,jadetrail97,jadetrail97@relay.cloud,2026-01-14 18:12:43
33,calmisland83,calmisland83@relay.cloud,2024-12-27 17:19:40
34,harborkernel30,harborkernel30@example.com,2025-03-25 15:33:55
35,warmmeadow71,warmmeadow71@seeded.app,2025-12-07 03:09:39
36,urbanriver38,urbanriver38@seeded.app,2025-01-07 08:31:20
37,cobaltuplink11,cobaltuplink11@seeded.app,2024-05-29 15:30:48
38,jadeuplink64,jadeuplink64@seeded.app,2025-11-19 05:53:58
39,opalsignal80,opalsignal80@relay.cloud,2025-06-13 12:08:30
40,rapidriver12,rapidriver12@seeded.app,2025-06-07 19:31:25
41,keennetwork40,keennetwork40@seeded.app,2024-02-08 02:06:07
42,silvergarden24,silvergarden24@hackstack.io,2025-12-14 11:15:57
43,calmyard94,calmyard94@opswise.net,2024-07-31 23:34:56
44,forestcanyon71,forestcanyon71@acme.dev,2025-09-03 23:28:07
45,calmriver65,calmriver65@hackstack.io,2025-04-08 13:08:01
46,tidymeadow53,tidymeadow53@example.com,2024-03-22 13:03:35
47,emberorbit89,emberorbit89@example.com,2024-03-10 20:57:59
48,golddelta12,golddelta12@hackstack.io,2024-06-06 23:57:40
49,livelyengine35,livelyengine35@opswise.net,2024-11-30 10:05:29
50,goldcanyon43,goldcanyon43@example.com,2024-04-29 06:47:08
51,brisknetwork10,brisknetwork10@acme.dev,2024-05-07 08:01:57
52,warmkernel22,warmkernel22@seeded.app,2025-06-01 01:22:57
53,goldengine52,goldengine52@hackstack.io,2024-08-06 22:22:34
54,rapidsignal66,rapidsignal66@hackstack.io,2024-09-02 12:07:32
55,goldyard08,goldyard08@seeded.app,2025-07-27 16:27:12
56,quietquartz16,quietquartz16@opswise.net,2025-12-28 03:23:18
57,cleardelta90,cleardelta90@acme.dev,2024-05-13 02:28:54
58,jadeanchor41,jadeanchor41@opswise.net,2024-05-21 13:15:07
59,silvermeadow09,silvermeadow09@example.com,2024-12-14 16:11:56
60,navybeacon77,navybeacon77@hackstack.io,2025-08-02 08:47:46
61,vividtrail43,vividtrail43@opswise.net,2025-02-14 11:57:28
62,rapidwindow06,rapidwindow06@hackstack.io,2025-10-30 22:16:55
63,quietyard33,quietyard33@seeded.app,2025-12-14 02:20:31
64,livelynetwork92,livelynetwork92@opswise.net,2024-04-13 02:41:02
65,briskmeadow80,briskmeadow80@seeded.app,2024-02-07 10:52:54
66,harbordelta00,harbordelta00@relay.cloud,2024-02-06 21:49:16
67,forestcanyon76,forestcanyon76@example.com,2024-01-23 18:25:44
68,forestorbit55,forestorbit55@seeded.app,2024-10-14 07:07:57
69,urbannetwork34,urbannetwork34@hackstack.io,2025-10-21 11:17:12
70,jadepioneer88,jadepioneer88@opswise.net,2025-05-26 15:00:49
71,warmuplink59,warmuplink59@seeded.app,2025-10-04 06:15:58
72,livelygarden59,livelygarden59@hackstack.io,2024-12-18 10:30:27
73,mellowsignal58,mellowsignal58@relay.cloud,2024-01-21 14:31:43
74,navyisland57,navyisland57@example.com,2024-03-11 15:54:49
75,livelylagoon48,livelylagoon48@seeded.app,2025-11-12 11:40:04
76,clearvalley20,clearvalley20@seeded.app,2025-12-10 14:46:50
77,golddelta03,golddelta03@opswise.net,2025-03-16 00:02:38
78,clearuplink21,clearuplink21@acme.dev,2024-08-26 15:48:22
79,rapidquartz06,rapidquartz06@relay.cloud,2025-06-29 05:04:45
80,jadebeacon23,jadebeacon23@opswise.net,2024-10-29 02:09:11
81,opalharvest21,opalharvest21@relay.cloud,2026-01-15 03:41:21
82,keenwindow29,keenwindow29@example.com,2026-01-08 21:23:30
83,calmvalley40,calmvalley40@opswise.net,2025-01-03 12:33:10
84,dawnisland29,dawnisland29@opswise.net,2024-06-21 06:53:11
85,jadeharvest53,jadeharvest53@acme.dev,2024-09-12 16:55:11
86,livelysignal64,livelysignal64@relay.cloud,2025-03-11 20:13:02
87,tidykernel71,tidykernel71@relay.cloud,2024-03-14 04:29:55
88,mellowdelta68,mellowdelta68@hackstack.io,2024-12-16 10:30:27
89,clearcanyon83,clearcanyon83@relay.cloud,2024-09-23 02:18:33
90,proudorbit33,proudorbit33@hackstack.io,2024-12-23 07:38:09
91,proudlagoon93,proudlagoon93@seeded.app,2024-05-08 19:00:23
92,livelyzenith54,livelyzenith54@hackstack.io,2025-03-05 19:29:50
93,forestvalley07,forestvalley07@hackstack.io,2025-11-28 21:04:55
94,mellowbeacon62,mellowbeacon62@relay.cloud,2024-09-19 17:13:21
95,briskbeacon67,briskbeacon67@relay.cloud,2024-05-09 22:05:22
96,opalmeadow01,opalmeadow01@opswise.net,2024-05-12 16:26:20
97,cobaltriver38,cobaltriver38@seeded.app,2024-11-06 01:02:24
98,livelytrail64,livelytrail64@seeded.app,2025-03-25 01:13:53
99,mellowlagoon82,mellowlagoon82@relay.cloud,2025-05-24 18:29:00
100,brisknetwork73,brisknetwork73@acme.dev,2025-10-04 03:38:11
101,youngorbit53,youngorbit53@opswise.net,2025-07-18 03:23:39
102,ambercanyon57,ambercanyon57@opswise.net,2025-08-04 08:15:28
103,harborcanyon20,harborcanyon20@relay.cloud,2024-01-19 21:37:05
104,mellowquartz59,mellowquartz59@seeded.app,2025-09-13 21:44:33
105,dawnpioneer86,dawnpioneer86@hackstack.io,2024-08-11 05:30:48
106,livelywindow04,livelywindow04@example.com,2024-04-17 08:38:17
107,jadevalley28,jadevalley28@relay.cloud,2025-04-01 12:05:24
108,briskgarden12,briskgarden12@example.com,2025-07-23 16:45:36
109,forestpioneer63,forestpioneer63@opswise.net,2024-08-11 10:32:22
110,warmgarden74,warmgarden74@relay.cloud,2024-08-12 20:20:12
111,keenorbit64,keenorbit64@hackstack.io,2024-08-16 08:40:39
112,vividorbit39,vividorbit39@relay.cloud,2025-02-27 15:50:24
113,forestbeacon34,forestbeacon34@example.com,2024-05-15 18:48:58
114,proudisland07,proudisland07@opswise.net,2025-10-18 15:00:49
115,harboruplink44,harboruplink44@opswise.net,2025-05-03 01:46:27
116,mellowjourney25,mellowjourney25@relay.cloud,2025-09-18 22:46:03
117,mellowvalley93,mellowvalley93@relay.cloud,2025-08-28 05:53:15
118,vividfield09,vividfield09@opswise.net,2024-09-22 11:40:56
119,forestisland75,forestisland75@seeded.app,2024-06-29 17:16:13
120,quietengine55,quietengine55@relay.cloud,2024-05-02 21:10:06
121,livelylagoon60,livelylagoon60@opswise.net,2024-12-18 12:45:56
122,rapiduplink64,rapiduplink64@seeded.app,2025-06-17 15:12:38
123,forestdelta00,forestdelta00@opswise.net,2024-10-10 16:51:11
124,goldfield11,goldfield11@seeded.app,2025-03-22 22:20:28
125,goldengine16,goldengine16@acme.dev,2025-02-13 10:13:31
126,clearkernel52,clearkernel52@acme.dev,2024-01-26 08:23:23
127,urbanzenith99,urbanzenith99@hackstack.io,2024-08-28 10:44:05
128,proudnetwork62,proudnetwork62@relay.cloud,2024-02-04 08:10:01
129,silverriver72,silverriver72@opswise.net,2024-03-25 20:36:00
130,opalgarden04,opalgarden04@opswise.net,2025-08-13 09:34:23
131,calmanchor91,calmanchor91@example.com,2025-06-22 07:19:12
132,goldtrail76,goldtrail76@acme.dev,2024-03-07 01:10:29
133,rapidyard58,rapidyard58@hackstack.io,2024-11-29 06:11:30
134,quietmeadow95,quietmeadow95@seeded.app,2025-11-19 16:46:51
135,harborkernel02,harborkernel02@acme.dev,2024-12-01 01:32:31
136,keensignal83,keensignal83@opswise.net,2024-08-26 02:14:05
137,jadeisland62,jadeisland62@seeded.app,2025-05-17 11:52:44
138,brisktrail86,brisktrail86@seeded.app,2024-04-27 13:43:21
139,forestmeadow41,forestmeadow41@opswise.net,2024-01-05 00:01:03
140,warmorbit46,warmorbit46@relay.cloud,2024-09-19 00:26:00
141,youngisland91,youngisland91@relay.cloud,2024-08-18 20:40:34
142,harborsignal67,harborsignal67@acme.dev,2025-10-14 02:42:09
143,urbanzenith80,urbanzenith80@seeded.app,2025-12-15 11:23:27
144,proudkernel57,proudkernel57@opswise.net,2024-01-11 06:09:13
145,vividvalley52,vividvalley52@opswise.net,2024-09-22 18:49:16
146,harborcanyon83,harborcanyon83@example.com,2025-02-20 14:13:44
147,ivorydelta34,ivorydelta34@seeded.app,2024-07-30 01:01:19
148,forestcanyon79,forestcanyon79@seeded.app,2024-08-26 16:21:58
149,opalquartz65,opalquartz65@example.com,2024-01-13 18:08:47
150,forestfield13,forestfield13@relay.cloud,2025-02-13 06:34:29
151,mellowvalley88,mellowvalley88@hackstack.io,2024-03-31 21:28:39
152,ivorykernel57,ivorykernel57@seeded.app,2024-07-04 16:27:16
153,goldriver89,goldriver89@acme.dev,2025-01-11 04:34:15
154,livelyfield07,livelyfield07@acme.dev,2025-04-28 10:52:21
155,tidyengine45,tidyengine45@example.com,2024-02-09 04:40:53
156,ivoryorbit52,ivoryorbit52@seeded.app,2025-02-28 09:44:02
157,rapidtrail64,rapidtrail64@seeded.app,2025-07-27 05:10:10
158,proudcanyon16,proudcanyon16@opswise.net,2025-08-03 02:28:15
159,livelyjourney53,livelyjourney53@relay.cloud,2025-06-07 06:13:13
160,forestdelta67,forestdelta67@hackstack.io,2025-08-02 21:18:24
161,dawnbeacon08,dawnbeacon08@relay.cloud,2024-11-16 06:59:21
162,warmsignal09,warmsignal09@example.com,2024-04-19 11:55:36
163,cobaltisland99,cobaltisland99@hackstack.io,2025-12-04 03:53:45
164,dawnuplink37,dawnuplink37@relay.cloud,2025-01-08 22:48:30
165,emberdelta28,emberdelta28@seeded.app,2024-05-01 18:26:30
166,tidyengine79,tidyengine79@acme.dev,2025-11-23 10:52:15
167,harborisland95,harborisland95@hackstack.io,2024-08-09 10:13:13
168,youngriver63,youngriver63@example.com,2026-01-15 12:17:10
169,dawnlagoon67,dawnlagoon67@example.com,2026-01-13 03:37:30
170,jadekernel29,jadekernel29@acme.dev,2025-12-31 13:13:02
171,ivoryharvest19,ivoryharvest19@relay.cloud,2024-06-15 03:50:30
172,brisklagoon92,brisklagoon92@seeded.app,2025-10-30 08:10:25
173,livelynetwork75,livelynetwork75@seeded.app,2024-11-15 12:27:09
174,warmharvest62,warmharvest62@example.com,2024-11-23 08:02:50
175,tidymeadow98,tidymeadow98@example.com,2024-05-17 09:22:55
176,calmanchor32,calmanchor32@acme.dev,2024-12-11 01:06:23
177,proudpioneer55,proudpioneer55@relay.cloud,2024-06-14 10:43:42
178,goldvalley35,goldvalley35@seeded.app,2024-05-14 04:34:08
179,proudyard74,proudyard74@opswise.net,2025-11-27 20:22:05
180,ivoryzenith51,ivoryzenith51@seeded.app,2025-10-28 07:38:37
181,mellowharvest46,mellowharvest46@opswise.net,2025-03-28 21:34:17
182,urbanharvest25,urbanharvest25@acme.dev,2024-06-01 02:10:07
183,foresttrail61,foresttrail61@acme.dev,2024-07-01 17:52:57
184,briskgarden93,briskgarden93@seeded.app,2026-01-24 04:08:05
185,clearengine55,clearengine55@opswise.net,2025-02-02 07:45:07
186,navyzenith69,navyzenith69@seeded.app,2024-09-29 05:26:24
187,tidykernel14,tidykernel14@acme.dev,2024-11-08 21:02:05
188,warmcanyon05,warmcanyon05@acme.dev,2025-05-28 02:50:42
189,rapidfield93,rapidfield93@example.com,2025-02-17 17:57:17
190,dawnfield26,dawnfield26@hackstack.io,2024-03-26 06:32:05
191,harborharvest60,harborharvest60@relay.cloud,2024-07-11 05:20:29
192,goldriver43,goldriver43@acme.dev,2024-04-05 22:03:04
193,jadezenith33,jadezenith33@relay.cloud,2025-04-03 16:44:14
194,goldmeadow44,goldmeadow44@hackstack.io,2024-03-29 09:57:30
195,forestmeadow73,forestmeadow73@opswise.net,2024-02-29 12:27:49
196,quietnetwork70,quietnetwork70@relay.cloud,2024-08-20 02:34:41
197,keenquartz13,keenquartz13@seeded.app,2024-05-02 06:22:20
198,keenriver91,keenriver91@seeded.app,2025-12-16 10:39:27
199,mellowdelta84,mellowdelta84@seeded.app,2025-01-23 15:02:58
200,urbanmeadow43,urbanmeadow43@example.com,2024-03-01 05:09:02
201,quietquartz07,quietquartz07@acme.dev,2024-04-16 23:25:29
202,warmisland48,warmisland48@opswise.net,2025-09-27 01:33:28
203,emberdelta31,emberdelta31@acme.dev,2025-09-02 06:46:55
204,jadeorbit72,jadeorbit72@example.com,2024-10-10 19:26:57
205,quietdelta96,quietdelta96@seeded.app,2025-04-15 19:48:14
206,calmharvest88,calmharvest88@example.com,2024-07-08 13:27:21
207,ambernetwork56,ambernetwork56@example.com,2024-05-17 21:22:56
208,forestcanyon74,forestcanyon74@relay.cloud,2025-01-11 02:39:41
209,harbororbit68,harbororbit68@seeded.app,2024-08-14 12:05:59
210,livelydelta28,livelydelta28@seeded.app,2024-09-29 17:17:08
211,forestdelta98,forestdelta98@example.com,2026-01-07 10:59:33
212,cleardelta35,cleardelta35@hackstack.io,2025-04-01 09:55:42
213,youngmeadow06,youngmeadow06@opswise.net,2024-06-30 08:35:09
214,keenengine12,keenengine12@hackstack.io,2025-01-06 02:02:38
215,proudnetwork26,proudnetwork26@acme.dev,2024-04-30 10:15:29
216,mellowisland42,mellowisland42@example.com,2024-09-03 22:43:37
217,mellowquartz66,mellowquartz66@hackstack.io,2024-12-05 07:16:48
218,cleargarden96,cleargarden96@acme.dev,2024-11-11 00:50:11
219,dawnwindow06,dawnwindow06@example.com,2025-08-19 09:43:17
220,harborgarden72,harborgarden72@example.com,2025-12-02 04:21:44
221,emberyard31,emberyard31@example.com,2026-01-08 19:38:42
222,livelyyard07,livelyyard07@hackstack.io,2024-03-01 12:33:15
223,harborjourney44,harborjourney44@acme.dev,2024-06-16 10:40:45
224,briskfield04,briskfield04@example.com,2025-11-06 22:27:02
225,dawnyard42,dawnyard42@seeded.app,2024-09-18 16:53:25
226,vividuplink35,vividuplink35@relay.cloud,2024-10-06 12:26:18
227,quietlagoon85,quietlagoon85@acme.dev,2024-07-15 17:12:36
228,forestquartz88,forestquartz88@hackstack.io,2024-01-02 03:02:04
229,emberdelta48,emberdelta48@acme.dev,2024-04-26 13:13:55
230,jadenetwork57,jadenetwork57@opswise.net,2024-05-06 06:41:56
231,embergarden32,embergarden32@acme.dev,2024-10-10 09:45:03
232,emberuplink67,emberuplink67@example.com,2024-10-04 12:55:31
233,silvernetwork13,silvernetwork13@seeded.app,2025-02-16 08:32:07
234,emberanchor11,emberanchor11@hackstack.io,2024-06-28 19:02:44
235,briskharvest97,briskharvest97@relay.cloud,2024-10-06 06:24:35
236,embervalley58,embervalley58@example.com,2024-02-03 02:30:19
237,tidyanchor72,tidyanchor72@example.com,2024-09-09 21:01:45
238,briskfield02,briskfield02@relay.cloud,2024-04-28 04:54:49
239,livelynetwork72,livelynetwork72@relay.cloud,2025-05-22 15:28:36
240,livelyquartz93,livelyquartz93@opswise.net,2024-02-04 18:17:19
241,warmsignal80,warmsignal80@acme.dev,2024-08-21 06:23:25
242,embercanyon00,embercanyon00@seeded.app,2024-05-25 11:12:59
243,youngriver50,youngriver50@opswise.net,2025-09-27 21:52:29
244,forestnetwork74,forestnetwork74@relay.cloud,2024-09-15 20:17:48
245,tidyriver10,tidyriver10@relay.cloud,2024-03-15 21:39:32
246,keennetwork54,keennetwork54@hackstack.io,2025-02-18 07:39:02
247,calmlagoon84,calmlagoon84@acme.dev,2026-01-02 02:22:05
248,opalengine68,opalengine68@example.com,2025-08-20 10:07:09
249,ivorylagoon49,ivorylagoon49@acme.dev,2025-04-30 18:43:18
250,emberjourney47,emberjourney47@seeded.app,2024-02-15 06:05:44
251,vividzenith01,vividzenith01@opswise.net,2025-04-10 13:02:59
252,goldfield28,goldfield28@acme.dev,2025-04-29 04:50:17
253,warmtrail95,warmtrail95@opswise.net,2024-09-04 04:27:49
254,harboranchor89,harboranchor89@acme.dev,2025-08-28 18:58:58
255,calmkernel60,calmkernel60@opswise.net,2024-02-25 22:13:20
256,dawnuplink45,dawnuplink45@relay.cloud,2025-01-24 04:24:46
257,briskanchor06,briskanchor06@example.com,2025-02-10 03:13:26
258,harborwindow20,harborwindow20@opswise.net,2024-09-27 03:36:33
259,rapidorbit60,rapidorbit60@opswise.net,2025-11-01 18:45:55
260,calmtrail98,calmtrail98@seeded.app,2025-02-13 20:56:04
261,harborbeacon02,harborbeacon02@relay.cloud,2025-06-14 06:21:58
262,jadeuplink58,jadeuplink58@hackstack.io,2025-09-08 08:47:33
263,harborquartz05,harborquartz05@relay.cloud,2024-01-27 14:03:36
264,ivorytrail57,ivorytrail57@opswise.net,2025-11-02 20:55:09
265,forestcanyon82,forestcanyon82@seeded.app,2025-03-19 18:24:59
266,younggarden38,younggarden38@seeded.app,2024-01-20 06:28:19
267,vividbeacon34,vividbeacon34@hackstack.io,2024-05-26 16:52:02
268,calmharvest03,calmharvest03@acme.dev,2024-01-04 10:29:52
269,dawnvalley07,dawnvalley07@seeded.app,2024-03-14 03:23:44
270,opalorbit88,opalorbit88@hackstack.io,2024-05-17 22:28:39
271,harborjourney65,harborjourney65@hackstack.io,2024-11-25 01:46:24
272,keensignal69,keensignal69@opswise.net,2024-07-16 01:39:59
273,briskzenith67,briskzenith67@opswise.net,2025-05-02 04:59:58
274,silverzenith49,silverzenith49@seeded.app,2024-10-10 23:09:31
275,jadeharvest00,jadeharvest00@opswise.net,2025-04-02 03:54:37
276,calmorbit91,calmorbit91@hackstack.io,2025-09-25 13:33:20
277,ivoryvalley71,ivoryvalley71@acme.dev,2025-12-29 01:21:32
278,quietquartz88,quietquartz88@opswise.net,2024-01-17 11:09:55
279,mellowuplink47,mellowuplink47@example.com,2024-07-21 01:03:25
280,dawnorbit77,dawnorbit77@hackstack.io,2024-10-06 19:42:41
281,vividgarden91,vividgarden91@relay.cloud,2024-12-16 19:18:43
282,urbanuplink84,urbanuplink84@relay.cloud,2025-06-28 21:03:29
283,jadelagoon62,jadelagoon62@seeded.app,2025-08-07 08:53:25
284,proudcanyon48,proudcanyon48@opswise.net,2025-03-30 12:37:49
285,forestkernel17,forestkernel17@hackstack.io,2025-11-01 20:46:46
286,amberbeacon47,amberbeacon47@relay.cloud,2024-03-19 10:36:06
287,calmnetwork18,calmnetwork18@example.com,2025-09-14 12:09:19
288,keenpioneer85,keenpioneer85@seeded.app,2025-02-16 07:43:57
289,jaderiver96,jaderiver96@relay.cloud,2025-11-05 15:19:48
290,youngjourney32,youngjourney32@acme.dev,2024-06-12 22:28:16
291,mellowdelta17,mellowdelta17@seeded.app,2024-01-26 23:49:54
292,jadeisland55,jadeisland55@opswise.net,2025-10-06 17:00:43
293,silverwindow60,silverwindow60@seeded.app,2025-11-12 14:43:36
294,proudlagoon16,proudlagoon16@example.com,2025-01-10 08:20:15
295,clearkernel96,clearkernel96@opswise.net,2024-07-14 04:17:47
296,youngquartz36,youngquartz36@hackstack.io,2024-06-05 22:36:37
297,cobaltjourney61,cobaltjourney61@example.com,2025-04-02 05:04:37
298,opalwindow14,opalwindow14@relay.cloud,2024-11-04 21:10:06
299,cleardelta81,cleardelta81@opswise.net,2025-11-04 18:46:12
300,vividvalley70,vividvalley70@acme.dev,2025-06-10 10:50:06
301,calmquartz92,calmquartz92@hackstack.io,2024-01-17 16:44:42
302,ivorylagoon99,ivorylagoon99@acme.dev,2025-09-20 20:05:12
303,opalnetwork33,opalnetwork33@acme.dev,2025-07-26 12:45:47
304,youngbeacon34,youngbeacon34@example.com,2025-11-27 18:07:44
305,navyorbit79,navyorbit79@acme.dev,2026-01-07 15:07:46
306,silverfield46,silverfield46@hackstack.io,2025-12-22 00:20:38
307,briskquartz17,briskquartz17@opswise.net,2025-10-20 02:33:11
308,quietriver99,quietriver99@acme.dev,2025-03-07 00:10:12
309,emberlagoon92,emberlagoon92@hackstack.io,2025-03-23 20:42:32
310,amberdelta21,amberdelta21@hackstack.io,2024-09-19 14:30:32
311,youngbeacon06,youngbeacon06@hackstack.io,2024-02-20 13:46:42
312,warmdelta18,warmdelta18@hackstack.io,2024-11-20 13:10:50
313,quietorbit24,quietorbit24@example.com,2024-09-22 02:46:32
314,rapidcanyon57,rapidcanyon57@hackstack.io,2024-01-15 18:20:02
315,silveranchor32,silveranchor32@opswise.net,2025-09-11 06:07:58
316,mellowgarden93,mellowgarden93@relay.cloud,2025-04-15 21:46:08
317,vividwindow38,vividwindow38@seeded.app,2025-10-07 23:14:18
318,vividyard09,vividyard09@acme.dev,2025-05-19 06:31:19
319,opalnetwork25,opalnetwork25@hackstack.io,2025-07-09 05:13:27
320,emberlagoon28,emberlagoon28@seeded.app,2025-01-05 19:11:34
321,vividsignal08,vividsignal08@seeded.app,2024-10-20 03:20:11
322,amberorbit36,amberorbit36@relay.cloud,2025-12-27 17:21:56
323,goldorbit16,goldorbit16@seeded.app,2025-11-09 06:45:40
324,keenuplink55,keenuplink55@example.com,2025-05-01 05:12:54
325,rapidnetwork34,rapidnetwork34@hackstack.io,2024-06-07 23:36:33
326,goldcanyon56,goldcanyon56@hackstack.io,2025-09-19 14:03:53
327,youngzenith26,youngzenith26@seeded.app,2025-08-26 05:47:39
328,forestcanyon38,forestcanyon38@relay.cloud,2025-11-30 01:50:22
329,cobaltorbit98,cobaltorbit98@relay.cloud,2024-12-04 12:54:36
330,dawnanchor37,dawnanchor37@acme.dev,2025-08-28 14:42:25
331,forestwindow19,forestwindow19@example.com,2024-01-20 02:34:27
332,youngyard52,youngyard52@opswise.net,2024-01-13 11:27:43
333,navydelta03,navydelta03@example.com,2025-05-08 12:02:46
334,cobalttrail14,cobalttrail14@opswise.net,2025-06-23 12:57:07
335,cobaltvalley71,cobaltvalley71@opswise.net,2024-07-06 19:58:42
336,younguplink32,younguplink32@hackstack.io,2024-07-27 05:18:19
337,cobaltkernel19,cobaltkernel19@example.com,2024-05-09 21:49:17
338,briskcanyon85,briskcanyon85@example.com,2026-01-14 03:24:36
339,navytrail45,navytrail45@relay.cloud,2025-05-12 11:33:51
340,warmnetwork70,warmnetwork70@seeded.app,2024-07-13 18:44:34
341,proudwindow21,proudwindow21@seeded.app,2024-06-15 19:41:00
342,cobaltanchor62,cobaltanchor62@hackstack.io,2024-12-24 00:06:10
343,cobaltdelta81,cobaltdelta81@hackstack.io,2024-07-11 04:57:53
344,opalsignal13,opalsignal13@example.com,2026-01-10 09:44:34
345,mellowgarden29,mellowgarden29@hackstack.io,2025-06-02 22:12:54
346,livelyfield83,livelyfield83@seeded.app,2026-01-30 21:10:16
347,calmwindow54,calmwindow54@relay.cloud,2025-10-13 20:33:49
348,youngpioneer60,youngpioneer60@acme.dev,2024-07-26 17:54:44
349,dawnnetwork53,dawnnetwork53@seeded.app,2024-05-17 09:16:37
350,tidyriver64,tidyriver64@opswise.net,2024-09-17 05:54:15
351,embergarden45,embergarden45@acme.dev,2024-01-04 13:15:21
352,navysignal25,navysignal25@example.com,2024-12-15 12:51:32
353,forestpioneer16,forestpioneer16@example.com,2024-10-11 14:57:18
354,vividcanyon16,vividcanyon16@example.com,2025-05-28 10:14:14
355,calmnetwork37,calmnetwork37@acme.dev,2024-12-06 02:48:36
356,clearbeacon75,clearbeacon75@example.com,2024-02-12 06:38:55
357,forestengine01,forestengine01@relay.cloud,2024-10-22 22:31:50
358,ambercanyon50,ambercanyon50@relay.cloud,2025-12-08 15:41:23
359,vividnetwork04,vividnetwork04@relay.cloud,2025-02-21 04:27:57
360,mellowisland65,mellowisland65@seeded.app,2025-03-20 20:58:50
361,mellowlagoon02,mellowlagoon02@acme.dev,2024-10-25 04:32:35
362,tidyyard00,tidyyard00@acme.dev,2025-02-25 18:52:35
363,calmjourney84,calmjourney84@opswise.net,2025-11-08 20:11:29
364,silverzenith81,silverzenith81@opswise.net,2025-10-25 08:57:29
365,navybeacon62,navybeacon62@opswise.net,2025-06-21 03:59:51
366,mellowsignal97,mellowsignal97@relay.cloud,2024-10-19 12:58:34
367,cobaltyard30,cobaltyard30@example.com,2025-12-28 15:51:57
368,dawnlagoon10,dawnlagoon10@relay.cloud,2024-02-02 05:19:53
369,ambermeadow49,ambermeadow49@relay.cloud,2024-12-21 10:40:29
370,embertrail91,embertrail91@example.com,2024-06-18 07:52:35
371,goldriver96,goldriver96@seeded.app,2024-04-15 04:44:46
372,ivoryriver11,ivoryriver11@acme.dev,2024-05-01 07:37:52
373,calmbeacon20,calmbeacon20@relay.cloud,2025-06-22 02:58:19
374,jadenetwork09,jadenetwork09@example.com,2026-01-24 16:52:14
375,youngquartz06,youngquartz06@relay.cloud,2024-12-03 11:33:26
376,opalnetwork64,opalnetwork64@hackstack.io,2024-04-16 09:04:37
377,vividuplink03,vividuplink03@hackstack.io,2024-03-02 23:39:07
378,jadejourney80,jadejourney80@example.com,2025-12-17 00:20:10
379,vividanchor40,vividanchor40@example.com,2025-05-15 09:43:49
380,warmkernel57,warmkernel57@example.com,2024-01-30 16:39:24
381,harborfield85,harborfield85@hackstack.io,2025-02-28 20:26:29
382,rapidkernel32,rapidkernel32@opswise.net,2025-10-14 16:29:58
383,urbancanyon84,urbancanyon84@hackstack.io,2025-11-08 14:31:42
384,embermeadow12,embermeadow12@example.com,2025-07-28 15:02:29
385,ambergarden59,ambergarden59@example.com,2025-07-17 22:11:50
386,urbanyard98,urbanyard98@example.com,2024-09-06 14:05:39
387,tidyjourney75,tidyjourney75@relay.cloud,2025-01-13 04:41:02
388,calmengine68,calmengine68@hackstack.io,2025-06-17 02:30:34
389,rapiduplink53,rapiduplink53@acme.dev,2024-06-23 02:03:11
390,silverorbit47,silverorbit47@seeded.app,2024-12-25 12:44:01
391,calmpioneer68,calmpioneer68@seeded.app,2025-01-03 21:50:58
392,goldisland76,goldisland76@seeded.app,2025-11-02 08:21:44
393,navywindow18,navywindow18@example.com,2025-11-08 23:18:50
394,warmnetwork33,warmnetwork33@seeded.app,2024-04-26 18:26:11
395,vividvalley44,vividvalley44@opswise.net,2026-01-07 01:35:43
396,jadebeacon07,jadebeacon07@hackstack.io,2026-01-06 11:05:26
397,cobaltdelta35,cobaltdelta35@hackstack.io,2025-09-29 17:44:51
398,goldisland33,goldisland33@hackstack.io,2025-10-26 01:13:49
399,calmtrail46,calmtrail46@acme.dev,2024-05-26 15:08:28
400,warmkernel58,warmkernel58@acme.dev,2025-03-28 12:10:39
